{"cameraMode":{"drawMode":0,"name":"Shaded","section":"Shading Mode"},"sceneLighting":false,"audioPlay":false,"sceneViewState":{"m_AlwaysRefresh":false,"showFog":true,"showSkybox":false,"showFlares":true,"showImageEffects":true,"showParticleSystems":true,"showVisualEffectGraphs":true,"m_FxEnabled":true},"in2DMode":false,"pivot":{"x":-8.896041870117188,"y":3.701490879058838,"z":1.1948251724243165},"rotation":{"x":-0.23046045005321504,"y":0.045809343457221988,"z":-0.010870151221752167,"w":-0.9719692468643189},"size":3.2931971549987795,"orthographic":false}