{"cameraMode":{"drawMode":0,"name":"Shaded","section":"Shading Mode"},"sceneLighting":false,"audioPlay":false,"sceneViewState":{"m_AlwaysRefresh":false,"showFog":true,"showSkybox":false,"showFlares":true,"showImageEffects":true,"showParticleSystems":true,"showVisualEffectGraphs":true,"m_FxEnabled":true},"in2DMode":false,"pivot":{"x":345.7590026855469,"y":143.4973907470703,"z":-1.531036376953125},"rotation":{"x":0.014691806398332119,"y":-0.005401891656219959,"z":-0.00008711027476238087,"w":-0.9999040365219116},"size":61.89115905761719,"orthographic":false}