{"cameraMode":{"drawMode":0,"name":"Shaded","section":"Shading Mode"},"sceneLighting":false,"audioPlay":false,"sceneViewState":{"m_AlwaysRefresh":false,"showFog":true,"showSkybox":false,"showFlares":true,"showImageEffects":true,"showParticleSystems":true,"showVisualEffectGraphs":true,"m_FxEnabled":true},"in2DMode":false,"pivot":{"x":-0.7048861384391785,"y":1.7658467292785645,"z":0.31705713272094729},"rotation":{"x":-0.23460842669010163,"y":0.06325287371873856,"z":-0.01520395465195179,"w":-0.9699624180793762},"size":3.8226847648620607,"orthographic":false}