{"cameraMode":{"drawMode":0,"name":"Shaded","section":"Shading Mode"},"sceneLighting":false,"audioPlay":false,"sceneViewState":{"m_AlwaysRefresh":false,"showFog":true,"showSkybox":false,"showFlares":true,"showImageEffects":true,"showParticleSystems":true,"showVisualEffectGraphs":true,"m_FxEnabled":true},"in2DMode":false,"pivot":{"x":-6.849999904632568,"y":3.6700000762939455,"z":-0.5202217102050781},"rotation":{"x":-0.38718077540397646,"y":0.03236760199069977,"z":-0.013556444086134434,"w":-0.9213846325874329},"size":0.4330126941204071,"orthographic":false}